{
    "records": [
        {
            "id": 1,
            "subject": "Entertainment",
            "category": "Marketing",
            "assignee": "None",
            "priority": "High",
            "status": "Open",
            "comment": "Intrested"
        },
        {
            "id": 2,
            "subject": "Entertainment",
            "category": "Marketing",
            "assignee": "None",
            "priority": "High",
            "status": "Open",
            "comment": "Intrested"
        },
        {
            "id": 13,
            "subject": "Entertainment",
            "category": "Marketing",
            "assignee": "None",
            "priority": "High",
            "status": "Open",
            "comment": ""
        },
        {
            "id": 4,
            "subject": "Entertainment",
            "category": "Marketing",
            "assignee": "None",
            "priority": "High",
            "status": "Open",
            "comment": "Intrested"
        },
        {
            "id": 5,
            "subject": "Entertainment",
            "category": "Marketing",
            "assignee": "None",
            "priority": "High",
            "status": "Open",
            "comment": ""
        },
        {
            "id": 6,
            "subject": "Entertainment",
            "category": "Marketing",
            "assignee": "None",
            "priority": "High",
            "status": "Open",
            "comment": "Intrested"
        },
        {
            "id": 7,
            "subject": "Entertainment",
            "category": "Billing",
            "assignee": "None",
            "priority": "High",
            "status": "Open",
            "comment": ""
        },
        {
            "id": 8,
            "subject": "Tour",
            "category": "Marketing",
            "assignee": "None",
            "priority": "High",
            "status": "Open",
            "comment": "Starting soon"
        },
        {
            "id": 9,
            "subject": "Entertainment",
            "category": "Billing",
            "assignee": "None",
            "priority": "High",
            "status": "Open",
            "comment": "Intrested"
        },
        {
            "id": 10,
            "subject": "Travel",
            "category": "Marketing",
            "assignee": "Henry",
            "priority": "High",
            "status": "Open",
            "comment": "Not Intrested"
        }
    ]
}